,CNY,JPY,INR,EUR,GBP,time,USD
0,1101.5409239723538,1099.9878517195177,1082.196887333383,1071.849837359356,1072.6045377836115,1486615500,1071.78
1,1100.755183703165,1100.1163019205003,1077.8413880408073,1071.924492081267,1072.6045377836115,1486615560,1071.54
2,1098.9770825754822,1099.4786065207682,1077.8209844366668,1071.8178424785367,1072.6045377836115,1486615620,1071.43
3,1100.4845398326665,1099.5914247431888,1077.820686573833,1068.7783288007251,1072.6045377836115,1486615680,1070.93
4,1100.651873408512,1099.4974542206342,1077.820686573833,1068.72500399936,1074.5296581036314,1486615740,1070.63
5,1100.6329574390688,1099.2810183117463,1077.4048700573387,1071.1566149416094,1074.5296581036314,1486615800,1070.61
6,1100.4379774463441,1099.38195623046,1082.9848834611662,1070.953980696422,1074.5296581036314,1486615860,1070.57
7,1098.9174245180066,1099.6710138454666,1088.8027403380745,1070.570042126593,1074.5296581036314,1486615920,1069.46
8,1100.7086213168425,1099.125502456454,1077.175813537866,1067.1039300378607,1074.9421838864928,1486615980,1070.36
9,1099.9141506002184,1099.405359535507,1077.1753667436146,1069.8128299472085,1074.9421838864928,1486616040,1070.57
10,1100.0887595489269,1099.642965609647,1077.1753667436146,1069.8128299472085,1074.9421838864928,1486616100,1070.61
11,1100.20371044016,1099.7467619472977,1077.1753667436146,1069.556870900656,1074.9421838864928,1486616160,1070.58
12,1100.9443433975991,1099.9096918267082,1075.989425869387,1069.567535860929,1074.5796612288268,1486616220,1070.53
13,1101.2790105492907,1099.935238945958,1075.989425869387,1069.567535860929,1074.5796612288268,1486616280,1069.94
14,1101.1786104037833,1099.9501563197855,1075.989425869387,1066.8586359515812,1074.5796612288268,1486616340,1069.86
15,1099.9301564205166,1099.740151853506,1075.989425869387,1069.3968964965607,1074.5796612288268,1486616400,1070.02
16,1100.7871953437614,1099.7985707905314,1075.989425869387,1069.3542366554684,1074.5796612288268,1486616460,1069.18
17,1101.175700254638,1100.2449307726663,1075.989425869387,1066.794646189943,1074.5796612288268,1486616520,1069.07
18,1101.36922517279,1100.023671281822,1075.989425869387,1066.6666666666667,1074.5796612288268,1486616580,1069.12
19,1100.992360858494,1099.6215274676194,1090.4953458932162,1065.1095824668055,1074.5796612288268,1486616640,1069.03
20,1101.5001818843216,1099.38195623046,1090.4953458932162,1068.0637764624328,1074.1421338833677,1486616700,1069.06
21,1100.744998181157,1099.2037516748549,1090.4953458932162,1067.733162693969,1074.9921870116882,1486616760,1068.91
22,1100.8308475809386,1099.6403751674854,1083.0271799836175,1067.6051831706927,1073.9546221638852,1486616820,1069.13
23,1101.2993815933069,1099.721661456007,1094.1118474942289,1067.5838532501466,1074.0046252890804,1486616880,1069.9
24,1101.4259730811204,1100.183921393479,1094.120783379254,1066.6133418653017,1073.7046065379086,1486616940,1070.02
25,1102.093852309931,1099.8693166592227,1101.6212674063595,1066.6560017063937,1073.7046065379086,1486617000,1070.45
26,1101.31829756275,1099.8251004912906,1085.0054359967237,1066.6560017063937,1073.7046065379086,1486617060,1070.18
27,1102.2233539468898,1099.6603841000447,1083.9268746742127,1066.6453367461206,1073.7046065379086,1486617120,1070.14
28,1102.2204437977448,1099.6607414024118,1099.318489835431,1066.6453367461206,1073.7046065379086,1486617180,1070.18
29,1102.5114587122591,1099.7983028137562,1070.386774890163,1066.5813469844825,1073.7046065379086,1486617240,1070.64
30,1102.4008730447435,1099.677445288075,1070.386774890163,1066.5813469844825,1073.7046065379086,1486617300,1069.83
31,1102.4939978173882,1100.1948191156766,1070.386774890163,1066.7306564283049,1073.7046065379086,1486617360,1070.07
32,1102.4998181156786,1100.4025011165697,1070.386774890163,1066.6986615474857,1075.0296893555847,1486617420,1070.35
33,1103.2055292833759,1100.6006252791426,1085.5803112666617,1068.0531115021597,1075.0296893555847,1486617480,1070.24
34,1102.9668970534742,1100.646002679768,1085.5803112666617,1068.0744414227058,1075.0296893555847,1486617540,1070.72
35,1103.2084394325211,1100.465564984368,1085.5803112666617,1068.0744414227058,1075.0296893555847,1486617600,1070.63
36,1103.2811931611495,1100.940509155873,1070.2505026435326,1068.1384311843437,1075.0296893555847,1486617660,1070.87
37,1103.358312113496,1101.0715497990175,1101.239556184377,1068.2557457473472,1075.0296893555847,1486617720,1070.94
38,1104.2982902873773,1101.3072800357302,1101.239556184377,1069.567535860929,1075.0296893555847,1486617780,1071.38
39,1103.8588577664607,1101.3583742742296,1101.239556184377,1069.6528555431132,1075.0296893555847,1486617840,1072.64
40,1103.5358312113497,1100.3656989727556,1101.239556184377,1069.108942569189,1075.0296893555847,1486617900,1071.91
41,1102.9654419789015,1101.049218401072,1101.239556184377,1069.108942569189,1075.004687792987,1486617960,1071.91
42,1103.8603128410332,1101.0681554265298,1101.239556184377,1069.108942569189,1075.004687792987,1486618020,1072.7
43,1103.6900691160422,1101.1170165252345,1089.0891354531238,1071.2099397429745,1075.004687792987,1486618080,1072.44
44,1103.7308112040744,1101.0115230013398,1089.0891354531238,1071.2099397429745,1075.004687792987,1486618140,1072.49
45,1102.9392506365953,1100.7631978561858,1107.1372403008415,1071.3059243854316,1075.004687792987,1486618200,1072.55
46,1103.829756275009,1100.6529700759268,1102.1158686424903,1067.8931370980642,1076.2172635789736,1486618260,1072.34
47,1103.806475081848,1100.3497990174185,1103.4619107900812,1071.2632645443396,1076.2172635789736,1486618320,1072.08
48,1103.7497271735178,1100.518445734703,1103.4619107900812,1071.0286354183331,1076.2172635789736,1486618380,1072.12
49,1102.953801382321,1100.0416257257705,1103.4619107900812,1070.8260011731456,1076.2172635789736,1486618440,1072.53
50,1103.7700982175336,1099.898794104511,1088.6533621267408,1067.231909561137,1076.2172635789736,1486618500,1072.51
51,1104.1673335758458,1099.6418937025458,1088.6533621267408,1067.1785847597719,1074.3796487280456,1486618560,1072.27
52,1104.2575481993454,1099.7234479678427,1074.5084518579195,1067.1892497200447,1074.3796487280456,1486618620,1072.23
53,1104.078574026919,1100.165073693613,1073.821133368084,1070.431397643044,1074.3796487280456,1486618680,1071.91
54,1104.737722808294,1100.1018311746313,1073.821133368084,1070.3674078814056,1074.3796487280456,1486618740,1072.36
55,1104.6125863950529,1100.308530594015,1073.4278054955694,1070.3460779608597,1074.3796487280456,1486618800,1072.03
56,1105.5685703892325,1100.4975435462259,1073.4246779358107,1070.3460779608597,1074.3796487280456,1486618860,1072.3
57,1105.689341578756,1100.9804376953996,1074.1435698860676,1070.953980696422,1074.4421526345395,1486618920,1072.49
58,1104.628592215351,1100.6873604287628,1102.8352073869983,1071.0819602196982,1074.4421526345395,1486618980,1072.33
59,1103.150236449618,1100.4152746761947,1102.8352073869983,1070.570042126593,1074.4421526345395,1486619040,1072.25
60,1103.714805383776,1099.981509602501,1102.8352073869983,1070.7300165306885,1074.4421526345395,1486619100,1072.54
61,1104.119316114951,1099.856989727557,1103.212152803634,1069.5035460992908,1074.4421526345395,1486619160,1072.0
62,1103.0178246635141,1099.5792764627065,1103.212152803634,1073.3855916386713,1074.4421526345395,1486619220,1071.95
63,1103.3263004728992,1099.8178651183564,1104.623129049073,1069.6421905828402,1074.4421526345395,1486619280,1071.9
64,1103.3801382320844,1100.0615453327378,1104.149676074168,1070.8153362128726,1074.4421526345395,1486619340,1072.28
65,1104.0494725354674,1100.266368914694,1104.149676074168,1071.7858475977177,1074.554659666229,1486619400,1071.9
66,1103.4150600218263,1099.920500223314,1104.2088018467498,1070.7726763717806,1074.342146384149,1486619460,1072.01
67,1105.1902510003638,1099.8403751674855,1088.9950107975278,1071.5298885511652,1074.342146384149,1486619520,1072.15
68,1102.974172426337,1099.8871817775791,1088.9950107975278,1071.5298885511652,1074.342146384149,1486619580,1071.91
69,1103.9563477628228,1100.1310406431442,1088.9950107975278,1073.6095558044046,1074.342146384149,1486619640,1071.77
70,1105.1305929428884,1100.1654309959804,1072.1198897907516,1072.4897349757373,1074.9671854490905,1486619700,1071.94
71,1105.1626045834848,1100.2133095131755,1072.1198897907516,1073.353596757852,1074.9671854490905,1486619760,1072.06
72,1103.5532921062206,1100.314694059848,1072.1024648149528,1072.5217298565562,1074.9671854490905,1486619820,1072.5
73,1102.2699163332122,1100.4401071907103,1073.6832228758658,1072.5430597771024,1074.9671854490905,1486619880,1072.6
74,1099.6085849399783,1098.9743635551586,1103.2423858813017,1071.5192235908921,1072.6170385649102,1486619940,1072.13
75,1099.0352855583849,1097.9531933899061,1103.2423858813017,1071.3805791073428,1072.6170385649102,1486620000,1069.45
76,1098.3528555838489,1098.0284948637784,1102.9160771464742,1070.7726763717806,1072.6170385649102,1486620060,1069.26
77,1096.4976355038198,1097.7789191603395,1102.9519696179912,1069.3329067349223,1072.1795112194511,1486620120,1068.74
78,1095.3073845034558,1097.4632425189816,1102.9519696179912,1069.204927211646,1072.1795112194511,1486620180,1068.64
79,1093.9163332120772,1095.9436355515854,1102.9519696179912,1069.204927211646,1072.1795112194511,1486620240,1067.85
80,1092.9734448890506,1095.4441268423402,1086.9416933502123,1067.317229243321,1068.6917932370773,1486620300,1068.23
81,1092.4423426700619,1095.3573916927198,1071.8121974830592,1068.0851063829787,1068.6917932370773,1486620360,1068.19
82,1091.538741360495,1094.5620366234925,1100.552684488793,1066.4427025009334,1069.2543283955247,1486620420,1066.39
83,1092.1658785012733,1095.3784725323806,1085.5473974234865,1066.5813469844825,1069.2543283955247,1486620480,1066.08
84,1091.9330665696618,1094.898794104511,1085.5473974234865,1066.6560017063937,1066.7416713544596,1486620540,1065.29
85,1091.6304110585668,1094.8164359088878,1083.8793655521633,1066.7519863488508,1060.7662978936182,1486620600,1065.52
86,1093.539468897781,1094.3693613220187,1098.08474197632,1066.5706820242096,1060.7662978936182,1486620660,1065.44
87,1094.603128410331,1094.5365788298348,1069.6659468314842,1066.6133418653017,1060.7662978936182,1486620720,1065.55
88,1093.9294288832302,1094.5668602054488,1069.6659468314842,1066.6133418653017,1065.7791111944496,1486620780,1067.55
89,1093.8246635140051,1095.6205448861099,1097.3175962469284,1066.9012957926732,1065.7791111944496,1486620840,1067.96
90,1094.6118588577665,1095.529968736043,1097.3175962469284,1066.9652855543113,1065.7791111944496,1486620900,1067.89
91,1093.3619497999273,1095.2781598928093,1097.3175962469284,1066.9759505145844,1065.7791111944496,1486620960,1067.76
92,1094.1913423062933,1095.47619472979,1097.3175962469284,1067.0186103556764,1065.154072129508,1486621020,1067.96
93,1093.4201527828302,1095.888075033497,1100.671978553876,1067.9784567802485,1065.154072129508,1486621080,1068.04
94,1093.727173517643,1096.534435015632,1100.6736167994638,1066.9439556337652,1065.154072129508,1486621140,1069.02
95,1093.1000363768644,1097.332023224654,1085.4237843473081,1069.162267370554,1065.154072129508,1486621200,1069.38
96,1092.371044016006,1098.662259937472,1085.4237843473081,1069.3862315362876,1065.154072129508,1486621260,1068.51
97,1091.129865405602,1098.2287628405538,1085.4237843473081,1067.829147336426,1065.154072129508,1486621320,1068.88
98,1093.5583848672245,1098.6259937472084,1085.2610023084371,1067.6158481309658,1065.154072129508,1486621380,1068.64
99,1091.8384867224445,1098.362751228227,1100.175143346489,1066.2720631365648,1065.154072129508,1486621440,1068.56
100,1091.4950891233177,1096.3951764180438,1099.9650011169856,1066.9866154748574,1065.154072129508,1486621500,1067.84
101,1092.717351764278,1096.6354622599374,1099.9650011169856,1067.8718071775183,1065.154072129508,1486621560,1068.71
102,1092.4001455074574,1096.2109870477893,1071.7518802591408,1067.8611422172453,1071.6294768423027,1486621620,1068.2
103,1092.5572935612952,1096.6006252791424,1071.7518802591408,1066.8906308324001,1069.9293705856614,1486621680,1067.13
104,1093.050563841397,1097.0469852612773,1071.7518802591408,1066.794646189943,1069.9293705856614,1486621740,1067.27
105,1093.2950163695891,1097.5076373380973,1071.0664978777272,1066.5493521036633,1069.9293705856614,1486621800,1067.01
106,1093.4769006911606,1097.9359535506921,1085.2656191823667,1066.304058017384,1069.9293705856614,1486621860,1067.0
107,1092.6373226627866,1098.113086199196,1085.2656191823667,1065.8667946461899,1069.9293705856614,1486621920,1067.05
108,1093.203346671517,1097.9841893702546,1085.2656191823667,1066.346717858476,1069.9293705856614,1486621980,1066.73
109,1093.511822480902,1098.0956677087986,1100.3839451932386,1065.5681757585453,1069.9293705856614,1486622040,1067.0
110,1092.5791196798837,1098.0486824475213,1085.0697743689032,1065.5681757585453,1069.9293705856614,1486622100,1067.41
111,1092.523826846126,1098.2320678874498,1085.0697743689032,1065.6428304804565,1069.9293705856614,1486622160,1067.57
112,1092.496180429247,1098.2052702099152,1085.0697743689032,1065.2695568709007,1070.4794049628101,1486622220,1067.28
113,1092.5078210258278,1097.965520321572,1085.0697743689032,1065.2802218311738,1070.4794049628101,1486622280,1067.35
114,1092.8279374317935,1098.1452434122375,1068.6643830516048,1065.2908867914468,1073.217076067254,1486622340,1067.34
115,1092.890505638414,1098.2753014738723,1068.6643830516048,1065.9734442489203,1073.6296018501157,1486622400,1067.2
116,1091.8661331393234,1097.8542206342117,1068.7811452825974,1065.9734442489203,1073.6296018501157,1486622460,1067.25
117,1093.511822480902,1098.30075926753,1068.7811452825974,1065.888124566736,1073.4920932558284,1486622520,1067.34
118,1093.3532193524918,1098.292184010719,1068.7811452825974,1065.8241348050979,1074.2296393524596,1486622580,1067.3
119,1093.0170971262278,1098.6518088432335,1067.5852260034253,1065.5468458379994,1074.2296393524596,1486622640,1067.76
120,1092.119316114951,1098.5530147387226,1085.6138208355053,1065.482856076361,1074.2296393524596,1486622700,1067.58
121,1092.1280465623863,1098.4284948637785,1067.5838856206717,1065.9094544872821,1073.9421213825863,1486622760,1068.17
122,1092.1484176064023,1098.631889236266,1103.4890163079904,1066.5600170639364,1073.9421213825863,1486622820,1067.7
123,1092.2415423790471,1098.853684680661,1085.6321393998064,1066.1654135338347,1073.9421213825863,1486622880,1067.63
124,1093.2702801018552,1099.0213488164359,1071.0958373668925,1066.1654135338347,1073.2670791924495,1486622940,1067.84
125,1094.8199345216442,1099.6322465386334,1071.0958373668925,1066.5706820242096,1073.2670791924495,1486623000,1067.41
126,1094.3965078210258,1099.7370254577936,1085.1104326457669,1066.5813469844825,1073.2670791924495,1486623060,1067.27
127,1092.900691160422,1099.5209468512728,1099.4039764688362,1066.4107076201142,1071.4044627789237,1486623120,1067.87
128,1092.272098945071,1098.311478338544,1099.4039764688362,1065.7814749640058,1071.4044627789237,1486623180,1067.8
129,1087.5387413604947,1095.012684234033,1099.4039764688362,1065.1735722284434,1070.9794362147634,1486623240,1062.47
130,1090.2524554383413,1093.2236712818221,1085.2840866780848,1062.9979203327468,1070.9794362147634,1486623300,1061.49
131,1090.5230993088396,1094.3006699419384,1099.9977660287439,1059.8090972111129,1070.9794362147634,1486623360,1061.87
132,1090.7821025827575,1095.1665922286734,1099.9977660287439,1059.7237775289286,1070.9794362147634,1486623420,1060.76
133,1091.8457620953075,1094.973738276016,1095.906024275821,1059.7344424892017,1067.3667104194012,1486623480,1060.56
134,1087.8486722444525,1095.2066100937918,1095.911385806836,1061.5901455767078,1067.3667104194012,1486623540,1061.18
135,1089.2731902510004,1095.1542652970077,1095.911385806836,1061.5048258945237,1067.3667104194012,1486623600,1061.14
136,1091.1211349581665,1095.5586422510048,1095.911385806836,1061.4408361328854,1067.3667104194012,1486623660,1061.65
137,1091.1618770461987,1096.267619472979,1095.911385806836,1060.779608595958,1067.0541908869304,1486623720,1061.92
138,1089.0694798108404,1096.450022331398,1095.911385806836,1061.4408361328854,1067.0541908869304,1486623780,1062.15
139,1089.4405238268462,1096.6707458686913,1096.0335095688436,1060.8329333973231,1064.4290268141758,1486623840,1062.52
140,1089.7169879956348,1096.656096471639,1095.3217663266066,1061.8461046232603,1069.8043627726731,1486623900,1062.81
141,1090.093852309931,1096.1833854399285,1095.3274257204557,1061.7927798218952,1069.8043627726731,1486623960,1062.53
142,1089.508912331757,1095.661456007146,1095.3274257204557,1061.750119980803,1069.8043627726731,1486624020,1062.78
143,1091.303019279738,1095.4301920500222,1081.7853898279843,1061.8780995040793,1069.8043627726731,1486624080,1062.06
144,1090.9217897417243,1095.5707012058954,1081.7853898279843,1061.9207593451715,1069.8043627726731,1486624140,1062.9
145,1091.2884685340125,1095.8931665922287,1081.7907513589992,1062.4753372793687,1069.8043627726731,1486624200,1063.19
146,1090.7850127319025,1096.2423403305047,1081.8430262863953,1062.4753372793687,1069.8043627726731,1486624260,1063.2
147,1091.2244452528191,1096.4731576596694,1081.8430262863953,1063.947101797046,1069.8043627726731,1486624320,1063.26
148,1091.2113495816661,1096.4255471192496,1096.1939087050414,1062.4966671999148,1069.8043627726731,1486624380,1062.71
149,1091.7439068752274,1096.4734256364447,1096.2029935214834,1063.8191222737696,1069.8043627726731,1486624440,1063.09
150,1091.3044743543107,1096.7060294774453,1096.2029935214834,1063.7977923532235,1069.8043627726731,1486624500,1063.09
151,1091.3146598763187,1096.779544439482,1068.0458708764615,1063.6591478696741,1069.8043627726731,1486624560,1063.09
152,1092.1644234267005,1096.6863778472532,1082.20061061881,1063.147229776569,1069.4668416776049,1486624620,1063.31
153,1091.4136049472536,1096.4383206788746,1082.20061061881,1064.49101477097,1069.4668416776049,1486624680,1063.11
154,1091.4136049472536,1096.2804823581957,1082.1466974458262,1064.480349810697,1070.1418838677416,1486624740,1063.42
155,1091.470352855584,1096.6815542652969,1097.378211333681,1062.9232656108356,1070.1418838677416,1486624800,1063.1
156,1091.5285558384867,1097.3927646270656,1096.379477250726,1062.9232656108356,1070.1418838677416,1486624860,1063.08
157,1090.9916333212077,1097.4530594015184,1096.379477250726,1062.9232656108356,1070.1418838677416,1486624920,1063.22
158,1091.3466715169152,1097.504510942385,1096.379477250726,1062.9126006505626,1070.1418838677416,1486624980,1063.22
159,1090.9407057111678,1097.4579723090665,1096.379477250726,1062.5606569615527,1070.1418838677416,1486625040,1063.05
160,1090.5914878137505,1095.3825815096025,1096.379477250726,1062.5286620807337,1069.3418338646163,1486625100,1061.44
161,1090.6831575118226,1095.7371147833856,1096.379477250726,1061.163547165787,1069.3418338646163,1486625160,1060.16
162,1091.048381229538,1096.05163019205,1097.645543227344,1062.4113475177305,1069.3418338646163,1486625220,1060.66
163,1090.5580210985813,1095.8970075926752,1080.583662223546,1062.4433423985497,1067.666729170573,1486625280,1061.31
164,1090.348490360131,1095.7252344796784,1080.583662223546,1062.4326774382766,1067.666729170573,1486625340,1061.2
165,1090.984357948345,1095.8639571237159,1080.583662223546,1061.163547165787,1067.4292143258954,1486625400,1061.56
166,1090.6045834849037,1095.820902188477,1065.4979521930152,1062.4860022396417,1067.4292143258954,1486625460,1061.74
167,1090.582757366315,1095.9615006699419,1096.724402412689,1060.7476137151389,1067.4292143258954,1486625520,1061.32
168,1090.246635140051,1095.8760160786067,1096.724402412689,1062.4753372793687,1068.6042877679854,1486625580,1061.86
169,1090.0953073845035,1095.1283608753906,1096.8369945640034,1061.5901455767078,1068.6542908931808,1486625640,1061.62
170,1090.1506002182614,1094.8130415364003,1096.8769081837816,1062.2940329547273,1068.6542908931808,1486625700,1060.76
171,1090.8766824299746,1094.6941491737382,1096.8778017722839,1061.4621660534315,1068.9793112069503,1486625760,1060.77
172,1089.7839214259732,1095.1131755247877,1097.860898056445,1062.2300431930892,1068.9793112069503,1486625820,1060.68
173,1088.078574026919,1095.0677981241624,1097.860898056445,1062.2300431930892,1068.9793112069503,1486625880,1060.85
174,1088.7697344488906,1093.8025011165698,1097.860898056445,1062.3046979150004,1068.9793112069503,1486625940,1060.84
175,1084.1687886504183,1092.0292094685126,1097.860898056445,1061.73945502053,1068.9793112069503,1486626000,1060.0
176,1081.1335030920336,1092.0602947744528,1097.860898056445,1061.238201887698,1068.9793112069503,1486626060,1059.44
177,1079.660967624591,1091.845913354176,1097.7770496686278,1060.321015304218,1068.3542721420088,1486626120,1058.35
178,1077.8115678428521,1089.5212148280482,1097.7770496686278,1058.1773582893404,1068.3542721420088,1486626180,1057.39
179,1076.0320116405967,1089.0474318892363,1097.2258544940055,1056.9082280168507,1068.3542721420088,1486626240,1053.06
180,1075.54165150964,1089.4895042429657,1097.2260034254227,1055.8737268703674,1056.6785424089005,1486626300,1050.34
181,1073.491451436886,1089.9757034390352,1094.7238066870207,1055.3831386978084,1056.6785424089005,1486626360,1049.89
182,1075.3874136049474,1090.817150513622,1074.5558120485518,1054.743241081427,1056.6785424089005,1486626420,1050.55
183,1075.2913786831575,1091.1432782492184,1068.3009903939237,1055.0631898896177,1056.04100256266,1486626480,1051.41
184,1074.9959985449254,1091.12130415364,1089.240896567131,1055.2764890950782,1059.1036939808737,1486626540,1052.89
185,1074.218988723172,1089.476552032157,1047.3604884950482,1054.4446221937824,1059.2537033564597,1486626600,1052.85
186,1076.5718443070207,1091.0644930772667,1089.241045498548,1055.1271796512558,1059.2537033564597,1486626660,1053.04
187,1077.9483448526737,1091.174631531934,1089.241045498548,1054.5619367567856,1059.2537033564597,1486626720,1053.04
188,1076.4161513277556,1092.216435908888,1099.0919651500485,1055.0951847704366,1059.2537033564597,1486626780,1055.15
189,1078.2611858857767,1092.3111210361767,1099.0919651500485,1055.9590465525516,1059.2537033564597,1486626840,1055.33
190,1077.6122226264097,1092.3399732023224,1099.0919651500485,1055.297819015624,1059.2537033564597,1486626900,1055.4
191,1077.8377591851583,1092.227780259044,1092.747933576588,1056.3536500826535,1059.2537033564597,1486626960,1055.84
192,1084.3841396871592,1092.2587762393925,1092.747933576588,1056.5562843278408,1062.3913994624663,1486627020,1056.93
193,1081.4696253182976,1093.3837427422957,1052.6295331000074,1056.58827920866,1062.3913994624663,1486627080,1056.95
194,1083.1589668970535,1093.3478338543991,1052.6274480601683,1056.8975630565776,1062.3913994624663,1486627140,1057.99
195,1084.312841033103,1093.7226440375168,1052.6274480601683,1057.0148776195808,1063.903993999625,1486627200,1058.18
196,1083.9752637322663,1093.1977668602055,1096.7285724923672,1058.945235428998,1063.903993999625,1486627260,1057.94
197,1084.0814841760641,1093.4217954443948,1096.7285724923672,1058.1240334879753,1063.903993999625,1486627320,1064.02
198,1082.4357948344853,1093.880393032604,1096.9489909896492,1058.8599157468138,1063.903993999625,1486627380,1059.32
199,1082.638050200073,1093.8843233586422,1097.3688286544048,1059.1478696741856,1063.903993999625,1486627440,1059.56
200,1082.2437249909058,1093.9891022778027,1097.3688286544048,1060.9502479603264,1064.7540471279453,1486627500,1059.71
201,1083.9927246271372,1094.0408217954443,1097.3688286544048,1061.216871967152,1064.7540471279453,1486627560,1059.61
202,1083.895234630775,1094.280303707012,1098.8736316926056,1060.321015304218,1064.7540471279453,1486627620,1059.56
203,1084.8715896689705,1094.3095131755247,1098.8737806240229,1061.8674345438062,1066.4416526032876,1486627680,1060.33
204,1084.1149508912333,1095.792675301474,1098.8737806240229,1061.238201887698,1066.4416526032876,1486627740,1060.56
205,1084.7217169879957,1096.3434569004019,1099.091071561546,1061.3448514904283,1066.4416526032876,1486627800,1061.17
206,1087.9272462713714,1096.6890576150067,1099.0921140814655,1060.768943635685,1066.5541596349772,1486627860,1061.86
207,1086.7544561658785,1097.2611880303707,1099.0924119442998,1060.5023196288594,1066.5791611975749,1486627920,1061.38
208,1087.2273554019644,1097.3424743188923,1099.0924119442998,1061.6221404575267,1069.4293393337084,1486627980,1062.42
209,1087.8384867224445,1097.0731576596695,1099.0924119442998,1060.71561883432,1069.4293393337084,1486628040,1062.31
210,1088.2124408875954,1097.1180884323358,1098.8916523940727,1061.1422172452408,1069.4293393337084,1486628100,1062.12
211,1088.1207711895236,1096.8978115230013,1098.8919502569067,1065.9734442489203,1066.4666541658853,1486628160,1062.09
212,1089.4812659148781,1097.1033497096919,1056.1578673021074,1061.8674345438062,1066.4666541658853,1486628220,1062.52
213,1089.033102946526,1096.7676641357748,1056.1578673021074,1062.9339305711087,1066.4666541658853,1486628280,1063.22
214,1089.607857402692,1097.114336757481,1099.3557226897015,1065.7388151229136,1066.4666541658853,1486628340,1063.41
215,1089.091305929429,1097.5239839213934,1078.0524238588132,1064.3417053271478,1066.4666541658853,1486628400,1063.73
216,1090.5580210985813,1097.7715944618133,1092.3207982723957,1064.3417053271478,1066.4666541658853,1486628460,1063.92
217,1091.7366315023646,1097.8262617239839,1093.0469878620895,1064.448354929878,1066.4666541658853,1486628520,1064.02
218,1091.575118224809,1097.9199642697633,1093.0469878620895,1065.9521143283741,1066.4666541658853,1486628580,1064.49
219,1091.9912695525647,1097.9855292541313,1064.4655596097996,1066.1334186530155,1069.4293393337084,1486628640,1064.37
220,1090.6453255729357,1097.6711924966503,1064.4655596097996,1066.0374340105584,1067.0166885430338,1486628700,1064.39
221,1092.628592215351,1097.190531487271,1064.4655596097996,1066.4000426598411,1067.1791986999187,1486628760,1063.92
222,1092.7755547471809,1097.1221974095579,1064.4655596097996,1066.78398122967,1069.1168198012376,1486628820,1064.38
223,1091.3437613677702,1096.44662795891,1095.0419241939087,1066.2080733749267,1069.1168198012376,1486628880,1064.44
224,1092.3768643142962,1095.809825815096,1095.0419241939087,1066.0800938516504,1070.6794174635913,1486628940,1064.34
225,1091.4572571844308,1096.099598034837,1095.042073125326,1066.2507332160187,1070.404400275017,1486629000,1064.58
226,1091.3277555474717,1095.856543099598,1096.4453049370766,1065.3548765530848,1070.4294018376147,1486629060,1064.57
227,1091.29283375773,1095.8161679321124,1096.4453049370766,1065.3122167119927,1069.4168385524094,1486629120,1064.42
228,1091.9578028373953,1096.1757034390353,1096.4453049370766,1065.386871433904,1069.4293393337084,1486629180,1064.24
229,1092.2531829756276,1095.9924073246987,1096.4453049370766,1065.386871433904,1069.4293393337084,1486629240,1064.14
230,1092.3623135685705,1095.7837427422958,1096.4453049370766,1065.2055671092626,1069.4293393337084,1486629300,1063.95
231,1092.2299017824664,1095.7907994640464,1062.2750763273514,1065.2055671092626,1069.4668416776049,1486629360,1063.93
232,1091.3161149508912,1095.7715051362215,1062.2591406657234,1065.3442115928117,1068.6917932370773,1486629420,1063.68
233,1091.653692251728,1095.749620366235,1062.2591406657234,1065.2588919106277,1068.7542971435714,1486629480,1063.78
234,1091.9156056747909,1095.234033050469,1062.2591406657234,1064.906948221618,1068.479279954997,1486629540,1063.99
235,1091.0672971989814,1094.3476552032157,1062.2591406657234,1064.896283261345,1066.5791611975749,1486629600,1063.81
236,1090.994543470353,1094.0392139347923,1062.2591406657234,1063.9364368367728,1067.8042377648603,1486629660,1062.61
237,1089.6325936704256,1092.8599374720857,1079.8655149303747,1063.11523489575,1067.8042377648603,1486629720,1062.7
238,1088.210985813023,1093.7460473425635,1078.9661181026138,1063.6698128299472,1067.8042377648603,1486629780,1062.84
239,1090.9203346671518,1094.633139794551,1059.3989128006554,1063.4245187436677,1067.5417213575847,1486629840,1062.34
240,1089.8392142597309,1094.8780705672175,1059.3989128006554,1063.584493147763,1067.5417213575847,1486629900,1062.06
241,1090.6875227355404,1094.82054488611,1098.8678233673393,1061.9847491068097,1067.5417213575847,1486629960,1061.99
242,1090.1724263368499,1094.7822242072352,1098.8699084071784,1063.3072041806645,1064.7040440027502,1486630020,1062.02
243,1090.0036376864316,1094.5738276016077,1098.8699084071784,1062.0380739081747,1064.1540096256015,1486630080,1061.9
244,1089.6762459076028,1094.9259490844127,1098.3632437262643,1062.0167439876286,1065.166572910807,1486630140,1061.8
245,1090.8010185522007,1094.800803930326,1098.3632437262643,1062.112728630086,1065.166572910807,1486630200,1061.77
246,1090.1971626045836,1094.8591335417595,1098.3636905205155,1063.00858529302,1064.1540096256015,1486630260,1061.69
247,1089.073845034558,1094.784368021438,1098.3636905205155,1063.0405801738389,1064.1540096256015,1486630320,1061.5
248,1088.897781011277,1095.0700312639572,1098.3636905205155,1063.0192502532927,1064.1540096256015,1486630380,1061.51
249,1088.8861404146962,1095.785707905315,1094.2592895971404,1062.0807337492668,1065.0915682230138,1486630440,1061.36
250,1091.6769734448892,1096.1180884323358,1097.856876908184,1063.3285341012104,1063.9914994687167,1486630500,1061.33
251,1090.7748272098945,1097.0436802143813,1093.297192642788,1062.9765904122007,1064.4540283767735,1486630560,1061.6
252,1090.6860676609676,1097.184814649397,1093.297192642788,1063.147229776569,1064.9415588474278,1486630620,1061.28
253,1089.404146962532,1096.1994640464493,1093.338595576737,1063.2325494587533,1064.9415588474278,1486630680,1061.36
254,1091.262277191706,1096.4464493077267,1078.9941172090253,1062.4860022396417,1064.9415588474278,1486630740,1061.51
255,1090.5405602037106,1096.5322912014292,1092.8944820909971,1062.4433423985497,1064.0290018126132,1486630800,1061.53
256,1090.5289196071299,1096.7185350602947,1092.8944820909971,1063.4565136244867,1064.041502593912,1486630860,1061.52
257,1091.8835940341944,1096.686913800804,1092.8944820909971,1063.520503386125,1063.903993999625,1486630920,1061.25
258,1091.1589668970535,1096.6976328718179,1092.8944820909971,1063.57382818749,1065.1790736921057,1486630980,1061.18
259,1090.5056384139689,1096.7420276909334,1092.8944820909971,1063.584493147763,1065.1790736921057,1486631040,1061.22
260,1090.6889778101129,1096.6918267083518,1078.6170228609726,1063.584493147763,1064.0165010313144,1486631100,1061.33
261,1091.0512913786831,1096.5548012505583,1078.6170228609726,1063.5311683463979,1064.7040440027502,1486631160,1060.96
262,1091.4572571844308,1095.5378293881197,1078.6170228609726,1063.552498266944,1064.716544784049,1486631220,1060.43
263,1091.004728992361,1095.5452434122376,1078.6170228609726,1063.541833306671,1066.0791299456214,1486631280,1060.55
264,1089.101491451437,1095.3915140687807,1094.0349988830144,1063.541833306671,1065.529095568473,1486631340,1060.41
265,1090.226264096035,1095.317195176418,1094.0351478144316,1062.19804831227,1065.4540908806798,1486631400,1060.16
266,1089.182975627501,1095.1058508262618,1094.0351478144316,1060.9715778808725,1062.8789299331208,1486631460,1059.72
267,1089.185885776646,1094.454488610987,1076.8617171792391,1061.9314243054446,1062.8539283705231,1486631520,1059.48
268,1089.4507093488542,1094.2588655649843,1094.2592895971404,1060.8969231589613,1061.6913557097316,1486631580,1058.82
269,1089.3954165150965,1094.421348816436,1058.2863951150496,1060.9182530795072,1062.5914119632475,1486631640,1058.96
270,1089.193161149509,1095.14336757481,1076.2738848760148,1061.675465258892,1062.77892368273,1486631700,1059.06
271,1089.4259730811204,1094.9421170165253,1075.0651574949736,1061.654135338346,1062.5789111819488,1486631760,1059.13
272,1090.7413604947253,1094.9760607414025,1094.6185121751435,1060.6622940329546,1061.6913557097316,1486631820,1059.16
273,1090.7209894507093,1094.9378293881196,1094.6186611065605,1061.5154908547966,1060.6912932058253,1486631880,1058.89
274,1090.620589305202,1095.1913354175972,1094.6191079008117,1061.4515010931584,1060.6787924245266,1486631940,1059.09
275,1090.7719170607495,1095.4254577936579,1094.6191079008117,1061.5154908547966,1060.8413025814114,1486632000,1059.48
276,1090.7704619861768,1095.391424743189,1095.886365328766,1061.6221404575267,1060.8663041440088,1486632060,1059.32
277,1090.8650418333941,1094.9796337650737,1074.531089433316,1061.6861302191649,1061.5663478967435,1486632120,1059.22
278,1090.8301200436522,1095.0728896828941,1095.8866631916003,1060.8329333973231,1061.753859616226,1486632180,1058.94
279,1091.778828664969,1094.6267976775346,1095.8868121230175,1061.4088412520664,1060.803800237515,1486632240,1059.17
280,1090.6453255729357,1094.328718177758,1052.940948693127,1061.4195062123395,1061.6913557097316,1486632300,1058.87
281,1089.5685703892325,1094.2776239392585,1095.6412242162485,1061.4195062123395,1060.5412838302393,1486632360,1058.88
282,1091.7424518006549,1094.4870031263958,1095.6412242162485,1061.5901455767078,1060.0912557034815,1486632420,1059.19
283,1088.846853401237,1093.948280482358,1095.6412242162485,1061.6434703780728,1061.0288143008938,1486632480,1059.53
284,1088.3288468534013,1093.247521214828,1053.2154292948096,1061.5901455767078,1060.941308831802,1486632540,1059.11
285,1089.801382320844,1093.6601161232693,1095.9325340680616,1061.5688156561616,1061.0413150821926,1486632600,1059.95
286,1089.671880683885,1094.2472532380527,1095.9325340680616,1061.5901455767078,1061.9913744609037,1486632660,1059.66
287,1088.4321571480539,1094.4761054041983,1095.9325340680616,1061.675465258892,1062.0788799299955,1486632720,1059.09
288,1089.407057111677,1094.547476552032,1074.8934395710776,1063.8404521943155,1061.6913557097316,1486632780,1059.71
289,1087.7337213532194,1094.5580169718623,1074.8934395710776,1063.9044419559539,1061.6913557097316,1486632840,1060.05
290,1088.2590032739179,1094.7914247431888,1074.8934395710776,1063.7764624326776,1060.4787799237452,1486632900,1060.17
291,1087.684248817752,1094.7133541759715,1096.8448879291086,1063.7871273929504,1060.4787799237452,1486632960,1060.11
292,1089.0592942888325,1094.4930772666369,1096.8448879291086,1063.7871273929504,1060.4787799237452,1486633020,1059.72
293,1089.4012368133867,1094.5416703885662,1096.8448879291086,1063.147229776569,1060.5162822676416,1486633080,1060.52
294,1089.271735176428,1094.710674408218,1096.8448879291086,1063.1365648162962,1062.6039127445465,1486633140,1060.2
295,1087.789014186977,1094.9531933899061,1096.9205450889865,1063.104569935477,1062.6039127445465,1486633200,1060.05
296,1087.7424518006549,1094.8350156319784,1096.9247151686648,1063.2325494587533,1062.6039127445465,1486633260,1060.37
297,1089.0549290651147,1094.426261723984,1092.821803559461,1063.6698128299472,1062.6039127445465,1486633320,1060.41
298,1089.2964714441616,1094.45413130862,1092.5771092411944,1063.9257718764998,1061.4913432089504,1486633380,1060.53
299,1089.4128774099672,1094.5492630638678,1092.5771092411944,1063.6804777902203,1062.128883055191,1486633440,1060.11
300,1089.1145871225901,1094.6202769093345,1078.5322808846527,1063.9151069162267,1062.128883055191,1486633500,1060.26
301,1089.1102218988724,1094.7959803483698,1093.0666468091445,1063.584493147763,1062.128883055191,1486633560,1060.16
302,1087.9345216442343,1094.8751228226888,1093.0666468091445,1064.6509891750654,1062.2038877429839,1486633620,1060.32
303,1087.6784285194617,1094.9605180884323,1093.0592002382905,1064.6509891750654,1062.2038877429839,1486633680,1060.59
304,1089.1102218988724,1094.754086645824,1093.0592002382905,1065.4615261558151,1062.2038877429839,1486633740,1060.56
305,1087.8224809021463,1094.9395265743635,1093.0612852781296,1065.7388151229136,1061.5038439902494,1486633800,1060.42
306,1087.9272462713714,1095.2464493077266,1091.1507930597961,1065.7601450434597,1061.5038439902494,1486633860,1060.55
307,1089.3313932339033,1095.5660562751227,1091.1507930597961,1065.8561296859168,1062.8289268079254,1486633920,1059.9
308,1089.4972717351764,1095.4922733363107,1091.1507930597961,1064.2563856449635,1062.8289268079254,1486633980,1060.43
309,1088.2299017824664,1095.584814649397,1091.1507930597961,1065.5788407188184,1062.7289205575348,1486634040,1060.35
310,1088.0436522371772,1095.3327378293882,1090.8070593491698,1065.9307844078282,1062.7289205575348,1486634100,1059.99
311,1088.2939250636596,1095.435283608754,1090.8070593491698,1065.6321655201834,1062.4914057128572,1486634160,1060.14
312,1089.5351036740633,1095.226261723984,1060.7078710253927,1065.9201194475552,1063.4664666541657,1486634220,1060.36
313,1089.5234630774828,1094.8843233586422,1060.7078710253927,1065.984109209193,1063.6289768110507,1486634280,1060.06
314,1087.9054201527829,1094.9461366681553,1060.7078710253927,1065.9734442489203,1062.4664041502592,1486634340,1060.15
315,1089.2426336849765,1094.8903081732917,1060.7078710253927,1065.1629072681706,1062.7164197762359,1486634400,1060.57
316,1087.8006547835578,1094.785261277356,1088.6444262417158,1064.1390710819603,1062.7414213388336,1486634460,1061.23
317,1087.5911240451073,1094.7777579276462,1090.0192121528037,1064.1390710819603,1062.1788861803864,1486634520,1061.1
318,1087.463077482721,1094.7772219740955,1063.7618586640851,1064.096411240868,1063.3789611850739,1486634580,1061.16
319,1087.3015642051655,1094.5932112550247,1063.8092188547175,1062.8699408094706,1063.3789611850739,1486634640,1060.68
320,1087.404874499818,1095.1231799910674,1063.8092188547175,1063.147229776569,1063.3789611850739,1486634700,1060.6
321,1087.3932339032376,1095.0670835194283,1063.8092188547175,1063.1898896176613,1063.1164447777985,1486634760,1060.49
322,1087.1822480902147,1095.1690933452433,1091.2898950033511,1063.1258998560231,1063.1164447777985,1486634820,1060.4
323,1086.753001091306,1094.7187137114784,1058.0207014669745,1063.0405801738389,1062.77892368273,1486634880,1060.37
324,1086.2917424518007,1094.7332737829388,1075.833792538536,1063.9044419559539,1062.77892368273,1486634940,1059.94
325,1086.3906875227356,1094.8811076373381,1078.2216099486188,1064.064416360049,1062.77892368273,1486635000,1059.3
326,1086.9610767551837,1095.0951317552478,1078.2216099486188,1064.064416360049,1062.77892368273,1486635060,1059.44
327,1086.2684612586395,1095.2362661902634,1078.2216099486188,1063.9790966778648,1062.77892368273,1486635120,1059.26
328,1086.3193888686794,1095.4535060294775,1063.7410082656936,1063.8084573134965,1062.77892368273,1486635180,1059.18
329,1086.2233539468898,1095.1580169718625,1063.7410082656936,1063.9151069162267,1062.9414338396148,1486635240,1059.37
330,1086.5638413968716,1095.0623492630639,1063.7410082656936,1063.7977923532235,1061.828864304019,1486635300,1059.6
331,1086.498363041106,1095.0433229120142,1092.6767443592225,1063.9257718764998,1062.8414275892244,1486635360,1059.48
332,1086.5667515460168,1095.2569897275569,1092.6858291756646,1063.6271529888552,1061.4163385211575,1486635420,1059.77
333,1086.5973081120408,1095.5907994640463,1092.6858291756646,1063.8191222737696,1062.2288893055816,1486635480,1059.75
334,1087.0512913786833,1095.825011165699,1092.4709211408149,1063.8724470751347,1062.2288893055816,1486635540,1059.87
335,1086.5405602037106,1096.3181777579277,1092.4724104549855,1063.8404521943155,1061.4163385211575,1486635600,1059.56
336,1086.3368497635504,1096.1824028584188,1092.4724104549855,1064.8749533407988,1061.4163385211575,1486635660,1059.46
337,1087.6216806111315,1096.454488610987,1093.405614714424,1064.7256438969766,1062.1538846177884,1486635720,1059.97
338,1086.824299745362,1096.534435015632,1093.405614714424,1063.7764624326776,1061.378836177261,1486635780,1060.55
339,1087.2404510731176,1096.7628405538187,1093.5094199121306,1064.6616541353383,1061.5413463341458,1486635840,1060.76
340,1088.1687886504183,1097.1308619919607,1093.519249385658,1064.6189942942462,1061.4163385211575,1486635900,1060.42
341,1087.3539468897782,1096.0540419830281,1058.4813463400105,1064.5976643737004,1062.503906494156,1486635960,1060.1
342,1088.2037104401602,1096.3423849933006,1094.3252662149082,1064.9602730229828,1061.4163385211575,1486636020,1060.44
343,1087.1647871953437,1096.133988387673,1094.3252662149082,1065.0135978243482,1061.5538471154448,1486636080,1060.7
344,1088.2779192433613,1095.924251898169,1094.568918013255,1065.8667946461899,1061.60385024064,1486636140,1060.06
345,1087.0134594397964,1096.0578829834747,1094.568918013255,1065.7494800831867,1061.5538471154448,1486636200,1060.31
346,1087.3714077846491,1096.1414917373827,1094.568918013255,1065.877459606463,1061.5538471154448,1486636260,1060.04
347,1087.307384503456,1096.1427422956676,1094.568918013255,1064.7469738175225,1061.1038189886867,1486636320,1059.84
348,1086.4692615496544,1095.8356409111211,1094.568918013255,1064.3203754066017,1061.1038189886867,1486636380,1060.09
349,1086.5973081120408,1095.9375614113444,1090.588874823144,1064.2030608435985,1061.1038189886867,1486636440,1059.84
350,1086.4343397599127,1095.723358642251,1090.1563779879366,1063.6698128299472,1061.241327582974,1486636500,1059.56
351,1086.590032739178,1095.14336757481,1090.1577183706904,1064.2243907641443,1061.4038377398588,1486636560,1059.5
352,1086.5652964714443,1095.2159892809289,1090.1781219748307,1064.2137258038715,1062.1663853990874,1486636620,1059.17
353,1087.4776282284467,1095.1432782492184,1090.1797602204185,1064.2243907641443,1061.6538533658352,1486636680,1061.78
354,1087.7089850854857,1095.1960696739616,1090.210886886589,1064.0324214792302,1061.6538533658352,1486636740,1058.57
355,1088.1586031284103,1095.3862438588656,1090.210886886589,1064.2137258038715,1061.7663603975247,1486636800,1059.18
356,1086.8694070571119,1095.1904421616794,1090.210886886589,1064.1070762011411,1061.7663603975247,1486636860,1059.05
357,1088.0873044743544,1095.3715051362215,1090.210886886589,1064.2030608435985,1064.8415525970372,1486636920,1059.06
358,1088.208075663878,1095.0460920053595,1090.210886886589,1064.7683037380687,1061.8663666479156,1486636980,1058.83
359,1086.6496907966534,1095.139705225547,1090.210886886589,1064.7789686983417,1061.8663666479156,1486637040,1058.75
360,1088.238632229902,1095.1345243412238,1090.210886886589,1065.1309123873514,1061.8663666479156,1486637100,1058.95
361,1089.2833757730084,1095.43608753908,1058.8130166058531,1064.6296592545193,1061.7038564910306,1486637160,1059.25
362,1088.1673335758458,1095.4425189816882,1058.8130166058531,1065.2268970298085,1061.5913494593412,1486637220,1059.99
363,1088.4627137140778,1095.505314872711,1058.8130166058531,1064.8642883805257,1061.4163385211575,1486637280,1059.77
364,1088.8541287740998,1095.37293434569,1093.311490058828,1065.1949021489895,1061.466341646353,1486637340,1059.71
365,1088.717351764278,1095.735238945958,1093.311490058828,1065.0989175065324,1061.6913557097316,1486637400,1059.83
366,1088.6707893779558,1096.035998213488,1093.3123836473305,1064.096411240868,1061.6788549284329,1486637460,1059.89
367,1088.6882502728265,1096.313979455114,1093.2276416710106,1065.3548765530848,1061.6788549284329,1486637520,1060.16
368,1089.607857402692,1096.6690486824475,1092.0781889939683,1063.8937769956806,1062.2413900868803,1486637580,1060.99
369,1089.0796653328484,1096.7517641804377,1092.0781889939683,1065.397536394177,1063.753984624039,1486637640,1060.94
370,1090.6467806475082,1096.6841447074587,1092.5888748231441,1065.0669226257132,1062.5164072754546,1486637700,1061.12
371,1089.508912331757,1097.0258150960249,1092.5888748231441,1066.1334186530155,1063.3914619663728,1486637760,1061.48
372,1090.668606766097,1096.950781598928,1063.6051828133145,1066.1654135338347,1063.3914619663728,1486637820,1061.79
373,1089.359039650782,1096.466726217061,1063.6051828133145,1066.1440836132886,1062.8789299331208,1486637880,1061.78
374,1087.2651873408513,1095.6576150066994,1086.3616054806762,1066.1440836132886,1063.816488530533,1486637940,1062.12
375,1087.8530374681704,1095.26065207682,1093.5485888748233,1066.1547485735616,1064.1540096256015,1486638000,1061.81
376,1088.801746089487,1095.4994193836535,1093.4748678233673,1066.2294032954728,1062.2288893055816,1486638060,1062.34
377,1088.3754092397235,1095.9839213934792,1093.4748678233673,1066.2400682557457,1062.2288893055816,1486638120,1062.14
378,1086.9756275009095,1095.9870477891916,1094.4616873929556,1066.1867434543808,1062.2288893055816,1486638180,1061.88
379,1088.0421971626047,1095.9388119696293,1094.839824260928,1066.2187383351998,1061.9538721170072,1486638240,1061.85
380,1087.9810840305565,1096.1189816882536,1082.99694690595,1066.2613981762918,1062.0663791486968,1486638300,1061.71
381,1087.9869043288468,1096.1916927199643,1082.99694690595,1066.2720631365648,1061.7413588349273,1486638360,1061.64
382,1087.8224809021463,1096.1009379187137,1086.3616054806762,1066.336052898203,1061.7413588349273,1486638420,1061.96
383,1088.0523826846127,1095.9709691826708,1083.0340308288035,1066.282728096838,1064.2790174385898,1486638480,1062.13
384,1087.9170607493634,1095.888075033497,1083.0340308288035,1066.2613981762918,1063.078942433902,1486638540,1061.97
385,1088.2037104401602,1095.6812862885217,1086.3616054806762,1066.5066922625713,1064.0290018126132,1486638600,1062.12
386,1088.1993452164425,1096.0761947297901,1086.3616054806762,1066.5066922625713,1064.0040002500155,1486638660,1061.93
387,1088.0843943252091,1096.1079946404643,1067.9155558865143,1066.4853623420254,1063.0414400900056,1486638720,1061.97
388,1088.506365951255,1095.9799910674408,1084.4094124655596,1066.314722977657,1063.0414400900056,1486638780,1062.13
389,1087.1866133139324,1096.0490397498884,1084.4177526249161,1066.346717858476,1062.3038939933745,1486638840,1061.87
390,1087.470352855584,1096.4990620812864,1067.352892992777,1066.336052898203,1063.3539596224764,1486638900,1061.94
391,1087.3932339032376,1096.3810629745421,1067.352892992777,1066.4000426598411,1063.3539596224764,1486638960,1062.02
392,1086.0778464896325,1096.390084859312,1086.263757539653,1066.314722977657,1064.4290268141758,1486639020,1061.94
393,1086.058930520189,1096.4472532380528,1086.263757539653,1066.2720631365648,1064.6540408775547,1486639080,1061.83
394,1086.1607857402694,1096.3965163019204,1086.2953310000746,1066.346717858476,1064.2790174385898,1486639140,1061.99
395,1086.3208439432522,1096.5424743188923,1086.2953310000746,1066.346717858476,1062.4414025876617,1486639200,1062.05
396,1086.457620953074,1096.908977221974,1086.2953310000746,1066.2933930571107,1064.3290205637852,1486639260,1062.11
397,1087.5678428519464,1097.2017865118357,1085.9876386923822,1066.336052898203,1062.4414025876617,1486639320,1062.52
398,1086.3106584212442,1097.0673514962036,1085.9563630947948,1066.4533674612062,1064.0665041565098,1486639380,1062.31
399,1087.1138595853038,1097.131129968736,1086.0202546727232,1066.4640324214793,1064.0665041565098,1486639440,1062.25
400,1087.3015642051655,1097.1731129968737,1086.0202546727232,1066.5493521036633,1063.816488530533,1486639500,1061.84
401,1087.157511822481,1097.2395712371595,1076.2016531387296,1066.4427025009334,1064.1290080630038,1486639560,1061.82
402,1087.2680974899965,1097.1727556945066,1076.2016531387296,1065.5575107982722,1063.8789924370271,1486639620,1060.49
403,1087.4208803201166,1097.3230013398838,1088.106634894631,1065.5468458379994,1062.8414275892244,1486639680,1060.68
404,1087.2331757002548,1097.545511389013,1088.1122942884804,1065.984109209193,1060.9288080505032,1486639740,1060.71
405,1087.1618770461987,1097.3921393479231,1088.1122942884804,1065.7494800831867,1062.8289268079254,1486639800,1060.57
406,1087.2273554019644,1097.4379633765072,1088.1122942884804,1065.7388151229136,1062.8914307144196,1486639860,1060.2
407,1086.5245543834124,1096.7673961589994,1059.5913321915257,1065.8134698448248,1062.8914307144196,1486639920,1060.56
408,1086.5056384139689,1097.3609647163912,1062.8947799538314,1065.802804884552,1062.7289205575348,1486639980,1060.37
409,1086.4896325936704,1097.477891916034,1062.8947799538314,1066.1120887324694,1063.4664666541657,1486640040,1060.05
410,1087.2098945070936,1097.5381866904868,1062.8947799538314,1066.1547485735616,1063.4664666541657,1486640100,1059.67
411,1087.2098945070936,1097.1012952210808,1062.8947799538314,1066.1227536927424,1062.7664229014313,1486640160,1060.11
412,1087.0803928701346,1097.2615453327378,1062.9116092039617,1066.1760784941077,1062.7664229014313,1486640220,1060.24
413,1086.9305201891598,1097.377400625279,1062.9116092039617,1065.7601450434597,1062.4789049315582,1486640280,1060.29
414,1087.0571116769736,1097.2980794997768,1062.9116092039617,1066.1334186530155,1062.4789049315582,1486640340,1059.72
415,1087.126955256457,1096.971683787405,1064.5215578226228,1064.480349810697,1062.4414025876617,1486640400,1060.74
416,1087.126955256457,1096.7695399732024,1064.5215578226228,1064.8429584599799,1062.4414025876617,1486640460,1060.91
417,1086.264096034922,1096.674586869138,1064.5215578226228,1065.9734442489203,1062.4414025876617,1486640520,1060.95
418,1086.2379046926155,1096.9380080393032,1091.819048328245,1065.877459606463,1062.4414025876617,1486640580,1061.32
419,1086.236449618043,1097.0828941491736,1091.819048328245,1065.834799765371,1062.8789299331208,1486640640,1060.38
420,1086.9232448162968,1096.9313979455114,1091.819048328245,1065.8561296859168,1062.8789299331208,1486640700,1060.37
421,1086.3193888686794,1096.8715497990174,1091.819048328245,1066.1227536927424,1062.8789299331208,1486640760,1060.92
422,1086.2510003637688,1097.04510942385,1091.819048328245,1064.853623420253,1065.679104944059,1486640820,1060.89
423,1085.8683157511823,1097.0191156766414,1091.819048328245,1064.2350557244174,1062.9539346209137,1486640880,1061.23
424,1085.501636958894,1097.0244752121482,1078.3386700424455,1065.877459606463,1062.8289268079254,1486640940,1061.42
425,1085.0389232448165,1096.8067887449754,1078.3386700424455,1065.429531274996,1062.6914182136384,1486641000,1061.41
426,1085.101491451437,1096.7679321125502,1076.5212599597887,1066.357382818749,1063.8664916557284,1486641060,1061.51
427,1085.5409239723538,1097.2869138008039,1076.6310224141782,1066.4000426598411,1063.8664916557284,1486641120,1061.5
428,1085.6675154601674,1097.2365341670388,1076.6310224141782,1066.314722977657,1062.3288955559722,1486641180,1061.38
429,1086.399417970171,1097.0460026797678,1089.5045051753668,1066.357382818749,1063.7039814988436,1486641240,1061.38
430,1085.1844307020735,1097.064314426083,1089.5786730210739,1066.336052898203,1062.5289080567536,1486641300,1061.12
431,1085.1844307020735,1097.1567664135775,1090.453645096433,1066.2080733749267,1063.1539471216952,1486641360,1061.18
432,1085.0956711531467,1096.7869584635998,1083.4234864844739,1066.314722977657,1062.4789049315582,1486641420,1060.99
433,1086.4314296107675,1096.759446181331,1083.4234864844739,1065.9201194475552,1062.4789049315582,1486641480,1061.12
434,1086.651145871226,1096.9203215721304,1078.9422890758806,1065.9201194475552,1063.1039439964998,1486641540,1061.63
435,1086.5783921425973,1096.9469405984814,1079.1790900290416,1065.898789527009,1063.1039439964998,1486641600,1060.92
436,1085.3590396507823,1096.712639571237,1079.0858589619481,1066.346717858476,1063.7164822801424,1486641660,1061.33
437,1085.8479447071663,1096.5186243858864,1079.1376870950928,1066.357382818749,1062.8789299331208,1486641720,1061.11
438,1084.6678792288105,1096.5214828048236,1091.9008116762232,1066.4746973817523,1063.966497906119,1486641780,1061.37
439,1085.7562750090942,1096.558642251005,1091.737731774518,1066.368047779022,1063.966497906119,1486641840,1061.48
440,1084.411786104038,1096.6032157213042,1078.9653734455285,1066.346717858476,1063.303956497281,1486641900,1061.56
441,1085.9890869407059,1095.8312639571236,1078.9653734455285,1066.336052898203,1062.3538971185699,1486641960,1061.29
442,1086.0691160421973,1096.14336757481,1078.9653734455285,1066.304058017384,1063.4789674354647,1486642020,1061.26
443,1084.030556566024,1095.6521661456006,1078.9653734455285,1066.2720631365648,1063.4039627476716,1486642080,1061.1
444,1084.5776646053112,1095.7153193389906,1065.0682850547323,1065.40820135445,1062.4539033689605,1486642140,1061.07
445,1086.2437249909058,1095.6244752121484,1081.1415593119368,1065.3442115928117,1063.31645727858,1486642200,1060.88
446,1084.9559839941796,1095.7075480125056,1081.143197557525,1065.0562576654402,1063.6539783736482,1486642260,1060.97
447,1084.534012368134,1095.870477891916,1081.1664308585896,1064.896283261345,1063.6539783736482,1486642320,1060.89
448,1084.5311022189887,1095.4546672621705,1083.4234864844739,1064.2030608435985,1063.891493218326,1486642380,1060.58
449,1084.1760640232812,1095.8100937918714,1083.4234864844739,1064.1604010025062,1063.5914744671543,1486642440,1060.19
450,1084.122226264096,1095.8320678874497,1082.083252662149,1064.8642883805257,1062.7539221201323,1486642500,1060.35
451,1084.0,1095.4568110763732,1082.0836994564004,1064.8856183010719,1062.3788986811676,1486642560,1060.16
452,1083.1051291378685,1095.5907101384546,1082.0457219450445,1064.7683037380687,1061.2038252390773,1486642620,1060.41
453,1084.0945798472171,1095.666368914694,1082.0457219450445,1064.469684850424,1060.6037877367335,1486642680,1060.41
454,1082.096762459076,1096.527020991514,1082.0457219450445,1064.469684850424,1060.4287767985497,1486642740,1060.77
455,1083.7642779192433,1096.089414917374,1082.0457219450445,1064.469684850424,1060.4287767985497,1486642800,1060.52
456,1082.8126591487814,1096.4767306833407,1083.322213120858,1063.9151069162267,1062.3288955559722,1486642860,1060.07
457,1083.4907238996,1096.5046895935684,1067.9003648819719,1064.437689969605,1062.1538846177884,1486642920,1059.95
458,1082.4532557293562,1096.1986601161232,1067.9003648819719,1064.000426598411,1061.1163197699857,1486642980,1059.93
459,1082.3004728992362,1096.2945064761054,1067.2766401072306,1064.000426598411,1061.1163197699857,1486643040,1059.66
460,1085.699527100764,1096.1567664135775,1067.2766401072306,1063.9684317175918,1061.1163197699857,1486643100,1059.26
461,1082.8053837759185,1096.3059401518535,1067.2766401072306,1064.1817309230523,1061.0538158634913,1486643160,1059.07
462,1085.46526009458,1096.2755694506477,1067.2766401072306,1064.1604010025062,1061.0038127382961,1486643220,1059.15
463,1084.4277919243361,1096.6603841000447,1067.2766401072306,1064.1497360422331,1061.9163697731108,1486643280,1058.97
464,1082.9305201891598,1096.7698972755695,1087.1180281480379,1064.1497360422331,1062.3038939933745,1486643340,1059.13
465,1082.392142597308,1096.6619919606967,1087.1180281480379,1063.8724470751347,1062.3038939933745,1486643400,1059.22
466,1082.8461258639506,1096.9272889682893,1086.9835430784124,1064.2990454860555,1062.7539221201323,1486643460,1059.34
467,1084.3594034194252,1096.6627958910226,1066.0402114826124,1063.8724470751347,1062.2413900868803,1486643520,1059.03
468,1084.9603492178976,1096.869227333631,1066.0402114826124,1064.2243907641443,1061.228826801675,1486643580,1058.97
469,1085.5452891960713,1096.9775792764626,1090.167845707052,1063.8831120354077,1060.0037502343896,1486643640,1059.44
470,1085.0796653328484,1096.7646270656544,1090.167845707052,1064.8002986188876,1059.0536908556785,1486643700,1059.68
471,1085.4419789014187,1096.8105404198302,1090.167845707052,1064.8109635791607,1059.9287455465965,1486643760,1060.54
472,1086.1098581302292,1096.6879857079052,1090.167845707052,1064.053751399776,1061.0538158634913,1486643820,1060.68
473,1085.1771553292108,1096.4917373827602,1090.167845707052,1063.957766757319,1060.4537783611474,1486643880,1061.01
474,1085.1815205529283,1096.4903081732916,1077.634969096731,1064.7789686983417,1063.0289393087066,1486643940,1061.14
475,1084.2371771553294,1096.5502456453773,1077.634969096731,1064.7789686983417,1062.0663791486968,1486644000,1061.22
476,1085.97453619498,1097.1772219740956,1077.634969096731,1064.7896336586145,1061.7663603975247,1486644060,1060.91
477,1085.978901418698,1097.1718624385887,1077.3225109836922,1064.7896336586145,1063.678979936246,1486644120,1061.21
478,1084.162968352128,1097.1048682447522,1077.3225109836922,1064.7896336586145,1062.8539283705231,1486644180,1060.99
479,1085.0316478719535,1097.1850826261723,1077.3225109836922,1064.5976643737004,1062.56641040065,1486644240,1060.99
480,1085.002546380502,1097.4711031710585,1092.724402412689,1064.2670506052366,1062.5164072754546,1486644300,1060.88
481,1086.2277191706075,1097.1815989280929,1076.7879961277831,1064.8002986188876,1062.928933058316,1486644360,1060.68
482,1086.32520916697,1097.0416257257705,1092.7266363839453,1064.906948221618,1062.928933058316,1486644420,1061.17
483,1084.0669334303384,1095.8808396605627,1092.7266363839453,1064.1284061216872,1063.5039689980624,1486644480,1060.81
484,1077.3634048745,1094.0723537293434,1092.2807357212005,1063.7871273929504,1062.8289268079254,1486644540,1058.63
485,1075.126955256457,1093.7350602947745,1093.0106485963215,1059.2331893563696,1056.0910056878554,1486644600,1053.8
486,1076.4641687886506,1094.4281375614112,1066.8192717253705,1057.089532341492,1055.0784424026501,1486644660,1052.7
487,1076.0363768643144,1094.412237606074,1076.8691637500933,1056.7589185730283,1054.128383023939,1486644720,1052.92
488,1076.1236813386686,1093.817954443948,1076.8691637500933,1058.454647256439,1054.0533783361461,1486644780,1052.84
489,1075.7409967260821,1094.084769986601,1070.5051753667437,1056.9722177784888,1053.8783673979622,1486644840,1053.31
490,1076.6635140050928,1094.2254577936578,1069.882195249088,1058.465312216712,1054.8159259953745,1486644900,1053.23
491,1075.252091669698,1094.6398392139347,1077.4240822101424,1058.5506318988962,1055.1784486530407,1486644960,1053.39
492,1074.4838122953802,1094.9473872264402,1077.4261672499815,1058.7106063029917,1054.878429901869,1486645020,1053.54
493,1070.2655511094945,1093.2023224653863,1070.9396083103732,1056.8975630565776,1054.6659166197885,1486645080,1049.39
494,1062.4459803564932,1089.9367574810183,1070.2242907141263,1053.303471444569,1054.3533970873177,1486645140,1042.06
495,1054.42706438705,1087.2746761947296,1070.2242907141263,1047.9389964272384,1052.1657603600224,1486645200,1033.65
496,1053.2077118952348,1085.6042876284055,1061.6806910417754,1045.1661067562522,1030.9644352772048,1486645260,1033.72
497,1055.9941797017098,1086.5505136221527,1064.3998808548665,1043.5876926358449,1031.3394587161697,1486645320,1037.75
498,1057.0069116042198,1085.5465832961142,1069.5470995606524,1042.5958513304538,1033.539596224764,1486645380,1039.25
499,1056.5718443070207,1085.671639124609,1066.0854866334053,1043.2464139071083,1039.902493905869,1486645440,1041.07
500,1059.4790833030195,1085.6177757927646,1066.0854866334053,1045.3474110808936,1039.9274954684668,1486645500,1040.93
501,1059.8457620953075,1085.2682447521215,1066.0854866334053,1045.3580760411667,1041.7151071941996,1486645560,1042.52
502,1060.8643142961078,1085.9497990174184,1068.7879961277833,1048.3016050765211,1041.7151071941996,1486645620,1044.45
503,1061.0447435431065,1086.4032157213042,1063.0545833643607,1049.0481522956327,1044.6527907994248,1486645680,1045.12
504,1063.0236449618044,1087.82206342117,1064.4181994191676,1052.6529088679144,1046.6154134633414,1486645740,1047.78
505,1061.7650054565297,1087.8444841447074,1059.2295777794327,1051.1598144296913,1046.8404275267203,1486645800,1046.96
506,1063.2739177882868,1086.8448414470745,1064.5683222875866,1051.3624486748786,1046.8404275267203,1486645860,1045.93
507,1060.862859221535,1083.40902188477,1053.837069029712,1050.8611955420467,1043.9027439214951,1486645920,1041.44
508,1060.8657693706803,1081.8833407771326,1059.0215205897684,1046.4885618301073,1043.9027439214951,1486645980,1039.82
509,1061.213532193525,1081.834390352836,1057.9125772581726,1046.0406334986403,1043.6527282955185,1486646040,1041.11
510,1059.3830483812296,1081.8144707458687,1057.9125772581726,1045.5607102863542,1044.215263453966,1486646100,1038.03
511,1055.0294652600946,1078.204108977222,1048.8463772432794,1040.8894576867701,1029.2268266766673,1486646160,1029.14
512,1046.8082939250637,1075.3732916480571,1054.0294884205823,1035.9622460406335,1025.314082130133,1486646220,1025.0
513,1047.9781738814115,1073.0133988387674,1048.6806165760668,1033.6479496613877,1024.4015250953184,1486646280,1026.25
514,1045.580210985813,1070.488968289415,1048.6806165760668,1032.6881032368153,1023.2264516532282,1486646340,1027.26
515,1045.4405238268462,1062.5764180437695,1048.6825526844887,1033.391990614835,1024.201512594537,1486646400,1027.52
516,1044.7973808657694,1063.012594908441,1036.8748231439424,1033.2213512504666,1024.201512594537,1486646460,1028.27
517,1046.5900327391778,1064.3573916927198,1052.0421475910343,1033.7012744627527,1026.576661041315,1486646520,1028.92
518,1045.4434339759914,1070.0221527467618,1040.3808176334799,1032.6561083559964,1027.539221201325,1486646580,1029.0
519,1038.8912331757003,1065.5904421616794,1047.5822473750839,1032.1015304217992,1026.501656353522,1486646640,1024.03
520,1030.4561658785015,1061.4535953550692,1042.1507185940875,1024.62539327041,1016.3760235014687,1486646700,1017.62
521,1025.767915605675,1053.8416257257704,1041.8272395561846,1022.7376953020851,1016.8760547534221,1486646760,1015.2
522,1024.618406693343,1052.604108977222,1041.8305160473603,1019.5915320215432,1016.3260203762734,1486646820,1011.51
523,1020.6736995271008,1031.3408664582403,1035.0100528706532,1017.5331946888498,1007.7754859678729,1486646880,1007.94
524,1013.1262277191706,1013.196337650737,1035.0106485963213,1014.0350877192982,1007.9754984686542,1486646940,1002.04
525,1010.3353946889779,1009.6036623492631,1032.1103581800583,1010.5476457100198,993.9871241952621,1486647000,994.34
526,992.5660240087304,1007.9509602501116,1028.5788964181993,1005.1511758118702,991.9744984061502,1486647060,982.8
527,980.3914150600218,1006.0510942384993,1026.3949661181025,1001.2158054711246,983.1114444652791,1486647120,967.4
528,976.5558384867226,1033.6385886556498,1025.3597438379627,994.8488241881299,962.9101818863678,1486647180,962.72
529,985.2702801018553,1027.804555605181,1019.9809367786135,993.3557297499067,954.309644352772,1486647240,963.76
530,1002.4838122953802,1009.4794104510942,1018.9072901928662,993.8676478430118,961.5725982873929,1486647300,975.34
531,1008.0698435794835,1030.6476998660116,1010.8216546280438,997.216445368741,968.0355022188886,1486647360,989.68
532,1014.2699163332121,1037.3768646717283,1015.3250428177824,995.4887218045112,988.7867991749484,1486647420,996.07
533,1014.5958530374683,1050.789280928986,1015.4559535333979,999.3387724630726,986.2491405712857,1486647480,995.9
534,1014.5973081120408,1051.0140241179097,1015.0054359967235,995.7020210099718,986.4616538533658,1486647540,997.3
535,1014.5609312477264,1046.5974095578383,1024.6313202770125,998.7521996480564,993.3620851303206,1486647600,996.23
536,1014.9436158603129,1041.8485931219293,1016.8783974979523,998.8055244494215,993.187074192137,1486647660,996.62
537,1014.368861404147,1035.4376060741401,1024.642787996128,999.1254732576122,992.2120132508281,1486647720,995.85
538,1016.0029101491451,1027.3663242518983,1026.0500409561398,998.7628646083293,995.4247140446276,1486647780,988.66
539,1016.6722444525283,1014.8937918713711,1025.8990244992183,995.6593611688797,983.4239639977499,1486647840,984.21
540,1017.7591851582395,1018.3004019651629,1025.8990244992183,993.6863435183704,980.7362960185011,1486647900,983.34
541,1020.6009457984723,1015.016793211255,1024.3692009829474,989.356369647523,982.1238827426713,1486647960,985.17
542,1018.8112040742088,1008.323358642251,1013.0541365701096,988.364528342132,985.2990811925746,1486648020,986.61
543,1019.9490723899601,1011.9354175971415,1020.8386328095913,988.6311523489575,985.2990811925746,1486648080,988.26
544,1018.5230993088396,1017.9128182224207,1018.8480154888675,988.385858262678,983.9614975935996,1486648140,988.27
545,1016.8133866860677,1008.3355962483251,1018.8556109911386,988.364528342132,986.1866366647914,1486648200,987.73
546,1006.7602764641689,1008.0748548459133,1018.8556109911386,987.4153468778329,986.4366522907682,1486648260,987.09
547,998.9086940705712,997.1817775792764,1017.6593938491326,983.5013064576334,975.7734858428652,1486648320,979.57
548,993.7751909785377,972.2172398392139,1016.858142825229,980.7497467071936,975.6984811550722,1486648380,971.19
549,991.1997089850856,952.814381420277,1016.7089135453124,979.0540180237829,972.5232827051691,1486648440,971.13
550,993.6675154601674,952.5831174631531,1005.2887035520143,978.2754759238521,971.4982186386649,1486648500,973.82
551,996.4743543106586,953.0853952657436,1001.2273438081764,977.5075987841944,969.9231201950121,1486648560,977.38
552,1000.7857402691888,980.9826708351942,1001.5170154144017,977.7742227910201,976.3360210013125,1486648620,977.8
553,1003.8137504547109,996.0518088432335,1005.518951522824,977.3689543006452,977.3985874117132,1486648680,980.8
554,1004.3041105856676,994.979544439482,1009.6373519994045,977.0703354130006,978.7986749171823,1486648740,981.52
555,1005.1509639869043,999.659401518535,1009.5249087795071,978.4567802484936,977.1985749109319,1486648800,981.78
556,1005.8450345580212,993.1154979901742,1010.8046764464964,978.2648109635792,980.523782736421,1486648860,981.26
557,1005.6820662058931,995.2684234033051,1010.3620522749274,978.659414493681,980.6112882055129,1486648920,983.45
558,1007.7453619497999,1006.5954443948191,1010.0128081018692,980.461792779822,980.0487530470654,1486648980,984.91
559,1007.8675882138959,1005.6887003126396,1011.4537195621417,979.8112302031675,982.2113882117632,1486649040,986.08
560,1007.3932339032376,1004.2375167485484,1009.0052870653066,985.8582626779715,982.1988874304644,1486649100,987.8
561,1007.7322662786469,1001.2019651630192,1009.0121379104922,989.0470857996054,983.2364522782673,1486649160,990.77
562,1005.1538741360496,995.7486377847252,1009.6270757316257,988.8977763557831,982.7739233702106,1486649220,990.93
563,1004.3695889414332,989.7230906654756,1009.6270757316257,990.241561350184,987.6117257328582,1486649280,989.67
564,1005.4012368133867,990.6478785171952,1009.3713604884952,991.190742814483,986.9741858866179,1486649340,987.19
565,1003.6464168788651,990.7661456007146,1007.6156080125104,990.8281341652003,986.9491843240202,1486649400,987.87
566,1003.7904692615498,989.5669495310407,1006.4631767071264,990.732149522743,983.5489718107381,1486649460,987.18
567,1003.1516915241906,994.697096918267,998.509643309256,990.5615101583746,983.5489718107381,1486649520,987.18
568,1001.162604583485,992.2698526127735,1006.0771464740488,990.6894896816509,981.9613725857865,1486649580,986.21
569,999.9665332848309,991.7454220634211,1006.077444336883,989.8469578200821,983.3739608725544,1486649640,985.13
570,995.2346307748272,991.0706565430996,1006.1343361382084,989.324374766704,984.2240140008751,1486649700,984.63
571,991.007639141506,986.699598034837,1002.1641224216248,987.8846051298459,984.4865304081504,1486649760,983.04
572,987.7075300109132,971.172130415364,1004.2916077146475,986.1888764464353,978.3111444465279,1486649820,974.39
573,981.5074572571845,967.2498436802143,1002.9268002085041,981.8802324961339,972.8483030189386,1486649880,968.74
574,978.8766824299746,960.5704332291201,1002.6101720157867,977.4329440622834,969.0855678479904,1486649940,966.24
575,972.7246271371408,950.4582402858418,1000.6040658276863,974.9053484775769,963.1101943871492,1486650000,964.78
576,976.5427428155693,939.4339437248772,1000.2314394221461,972.8363461846104,962.7101693855866,1486650060,961.08
577,977.295016369589,930.9572130415364,998.1259959788517,969.6581880232496,962.6851678229889,1486650120,960.89
578,979.1720625682067,931.6509155873158,997.6479261300173,967.4825361275529,961.6101006312894,1486650180,963.76
579,980.0916696980721,934.1698972755695,998.5699605331745,967.7918199754706,962.9851865741608,1486650240,968.29
580,980.8221171335031,947.2453774006252,997.7983468612704,966.4906948221618,966.2103881492592,1486650300,967.17
581,975.8326664241542,943.1464046449308,996.1469953086603,966.7893137098065,964.4227764235264,1486650360,964.55
582,971.0236449618043,940.5698972755695,996.157122645022,963.7498000319948,964.5727857991124,1486650420,960.85
583,969.2921062204439,942.2105404198303,997.4103805197707,937.9086012904602,964.6977936121008,1486650480,958.87
584,967.5169152419062,947.5914247431889,988.4981755901409,936.9060950247961,957.4348396774798,1486650540,958.87
585,969.5569297926519,955.7590888789638,990.957331149006,956.9455553778062,958.9974373398336,1486650600,957.02
586,968.6387777373591,968.9675748101831,993.146920842952,954.9405428464779,955.8472404525282,1486650660,958.21
587,969.6631502364497,974.3427422956677,993.9894258693872,953.6394176931691,955.7722357647353,1486650720,956.87
588,967.9432520916697,979.2160786065208,993.9894258693872,953.5327680904389,951.5219701231326,1486650780,958.6
589,967.908330301928,980.669227333631,987.9079603842431,952.0503386124888,956.8098006125382,1486650840,959.35
590,966.3906875227357,977.6999553372041,993.3326383200538,950.2479603263478,956.9223076442278,1486650900,959.69
591,958.0618406693343,967.1288075033498,994.2353116389902,950.834533141364,957.9348709294329,1486650960,955.66
592,955.8646780647509,967.5202322465386,994.4037530717106,945.0221297925666,958.5724107756733,1486651020,953.26
593,953.0985813022918,970.1484591335417,990.4339861493783,942.1532554791233,958.1348834302144,1486651080,951.65
594,956.9210622044379,970.2572577043323,985.0545833643608,941.2360688956434,949.2968310519407,1486651140,943.85
595,953.7315387413606,975.2628852166144,985.0262863951151,936.1168879645924,943.9714982186385,1486651200,942.87
596,953.8683157511823,983.4750334970969,984.1413359148113,937.5993174425425,938.8211763235201,1486651260,942.9
597,954.8737722808295,987.5213041536399,984.1033584034552,937.8979363301871,938.5961622601412,1486651320,945.86
598,956.3841396871591,997.0987047789191,982.023382232482,936.7887804617928,938.5961622601412,1486651380,944.73
599,960.3812295380139,989.5966056275122,983.416337776454,940.9054551271797,945.7341083817738,1486651440,946.5
600,970.78355765733,998.3665922286735,983.9017052647257,941.7373220284754,948.2717669854366,1486651500,949.7
